first_active_month,card_id,feature_1,feature_2,feature_3,target
2017-06,C_ID_92a2005557,5,2,1,-0.8202826
2017-01,C_ID_3d0044924f,4,1,0,0.39291325
2016-08,C_ID_d639edf6cd,2,2,0,0.68805599
2017-09,C_ID_186d6a6901,4,3,0,0.1424952
2017-11,C_ID_cdbd2c0db2,1,3,0,-0.15974919
2016-09,C_ID_0894217f2f,4,2,0,0.87158529
2016-12,C_ID_7e63323c00,3,2,1,0.23012899
2017-09,C_ID_dfa21fc124,3,2,1,2.13584976
2017-08,C_ID_fe0fdac8ea,2,1,0,-0.06540639
2016-08,C_ID_bf62c0b49d,2,2,0,0.30006168
2016-10,C_ID_92853cdb2c,5,2,1,-1.02956173
2016-03,C_ID_269d816788,2,2,0,-2.43376068
2017-09,C_ID_61d50d7057,5,2,1,1.30445157
2017-04,C_ID_4e07413433,2,1,0,0.09363294
2017-08,C_ID_b6302b31c6,3,2,1,1.59775007
2017-02,C_ID_3b69154173,2,1,0,1.01093682
2016-07,C_ID_9feec11e78,2,2,0,1.13223604
2016-12,C_ID_f6658dbefe,4,2,0,0.31806188
2017-11,C_ID_4a7dda0f9e,2,1,0,0.75727961
2017-01,C_ID_6adae2a906,4,1,0,0.33433685
2017-09,C_ID_0b70ca7347,5,2,1,1.4427259
2016-06,C_ID_25b2509282,1,2,0,4.74760223
2017-09,C_ID_82fb11db22,2,2,0,0.4644044
2017-10,C_ID_e03db05bde,2,2,0,-0.52965805
2015-10,C_ID_dcb7c76747,5,1,1,-0.08495125
2016-04,C_ID_749cfc0c3a,2,2,0,1.5258618
2017-07,C_ID_4a97126360,2,3,0,-0.09074446
2017-09,C_ID_17dea8d446,3,3,1,-1.36171997
2016-01,C_ID_fcef0dfd67,5,1,1,0.72709297
2016-06,C_ID_82868156f0,5,2,1,1.14386252
2017-09,C_ID_8fa2ad405d,3,1,1,-3.73783471
2017-07,C_ID_ee82cdf108,5,2,1,-4.73077842
2017-01,C_ID_22ca4a5cdc,5,1,1,0.49181412
2017-08,C_ID_7130fd2b3d,4,3,0,1.61188739
2016-07,C_ID_3140b5e572,2,2,0,0.78182956
2016-11,C_ID_022b48f3ac,3,3,1,1.23360131
2016-08,C_ID_0fb5eebcbb,2,2,0,0.605185
2017-08,C_ID_38a4be198d,4,3,0,-0.55790064
2015-11,C_ID_8ffb6daff8,5,1,1,-0.56506458
2016-04,C_ID_5967df7a42,3,3,1,-0.46908602
2017-11,C_ID_c8cd0080cb,2,1,0,0.04409171
2017-02,C_ID_69e95a3ec9,1,2,0,-0.24743986
2017-07,C_ID_994d1ce39d,3,2,1,-0.80486388
2017-11,C_ID_1919f9080e,2,3,0,0.39338846
2017-09,C_ID_c9fc613553,3,1,1,-1.08979616
2016-12,C_ID_bff4607e58,4,2,0,1.03294347
2017-09,C_ID_f478df16fd,3,2,1,-1.02926603
2013-05,C_ID_69350a7ab6,3,3,1,-1.39974763
2017-06,C_ID_6c3cd81c4c,4,1,0,-0.62427059
2017-02,C_ID_f2e927e5da,2,2,0,3.65908099
2017-01,C_ID_3681e149f7,5,2,1,-0.22731017
2016-02,C_ID_4673dd0b7b,2,2,0,1.27563444
2017-07,C_ID_092d98ce80,3,2,1,1.4936732
2016-12,C_ID_a1bbd3be59,2,2,0,-0.02799448
2017-06,C_ID_db7c9bec8b,2,1,0,-0.40886475
2017-10,C_ID_81b1b66bad,2,1,0,-0.01784667
2017-10,C_ID_1490b92f50,3,1,1,1.71838149
2016-11,C_ID_e5e2476a92,2,2,0,-0.18088201
2017-01,C_ID_d6f59286b8,5,1,1,1.00075927
2017-06,C_ID_bb8dedf426,2,2,0,-0.3800116
2016-08,C_ID_f599442c5a,2,2,0,0.40010068
2016-08,C_ID_dc2bed74b4,5,2,1,-0.44471818
2017-06,C_ID_92b43c45f8,3,2,1,-0.06007317
2016-12,C_ID_ddaccbc994,1,3,0,-0.21031371
2017-09,C_ID_8186f3fcc1,3,1,1,-33.21928095
2016-05,C_ID_cc9651279c,3,3,1,-1.87175493
2017-10,C_ID_a2152a599d,2,1,0,0.47674241
2017-01,C_ID_8e6c22b8b8,3,3,1,-1.4150375
2016-11,C_ID_d1d859645f,3,3,1,-1.32333835
2014-02,C_ID_954f09c674,3,3,1,-0.18383423
2017-05,C_ID_3dc690b811,4,1,0,-0.04020948
2016-10,C_ID_b1a43b9458,2,2,0,-0.31933607
2016-11,C_ID_a46cd7043f,5,2,1,-0.40938117
2016-12,C_ID_e58112a217,3,1,1,-1.72454655
2017-02,C_ID_642f591402,4,2,0,0
2017-05,C_ID_55c8d478eb,2,2,0,0.77959856
2017-09,C_ID_21c68ed023,2,3,0,-4.30214434
2017-09,C_ID_8fdb8d95cd,2,1,0,0.15145003
2017-06,C_ID_991e1dbbd1,2,1,0,1.18426942
2017-05,C_ID_6dd4663764,3,1,1,0.30706275
2017-12,C_ID_09da8a2858,5,1,1,-0.83350561
2017-10,C_ID_4aa921d7ab,5,1,1,0.42451808
2017-11,C_ID_4761b1fe4b,2,3,0,0.169277
2017-03,C_ID_3dc6288d77,3,1,1,-1.39160238
2017-05,C_ID_a5a8717598,3,2,1,-0.11952546
2017-07,C_ID_6f9037a176,2,1,0,0.0083603
2017-09,C_ID_db2bc1cc20,5,1,1,1.25990325
2015-08,C_ID_04dd9152c7,4,2,0,0
2017-01,C_ID_ac0d392217,5,1,1,1.03809801
2017-11,C_ID_923262df45,2,1,0,-0.49501336
2017-01,C_ID_643ddaea8c,3,2,1,3.45930666
2016-10,C_ID_d37ca48da9,5,2,1,0.10868028
2015-05,C_ID_b9379a30ea,3,3,1,-33.21928095
2015-01,C_ID_281e89ae65,5,1,1,0.10357389
2017-06,C_ID_c77514f6b2,2,2,0,-1.25050503
2016-08,C_ID_d9388844f8,4,2,0,-0.69392823
2017-01,C_ID_24b7e16c4f,3,3,1,-2.78837913
2017-03,C_ID_a8ad576b32,2,2,0,-2.93994296
2014-08,C_ID_26364d47bb,3,3,1,-5.28842568
2016-09,C_ID_26655f11a1,3,2,1,-0.01838317
2017-06,C_ID_88b24ae44b,2,2,0,0.21173321
2017-01,C_ID_95c97b86ff,2,1,0,-0.89837004
2017-07,C_ID_2b8df5e6d7,5,1,1,0.05650766
2017-01,C_ID_f2ff275b30,3,1,1,0.34279239
2016-11,C_ID_7df488e4f0,2,2,0,-0.38534428
2017-11,C_ID_30bcfdd9ed,2,3,0,-1.11579961
2017-11,C_ID_a2a84f3720,4,2,0,0.23855581
2017-01,C_ID_03ef764f46,5,1,1,1.857981
2017-08,C_ID_4ea4d9ddb5,5,1,1,2.71859461
2017-11,C_ID_cdc6535b18,2,3,0,-0.44407748
2017-04,C_ID_60cf5965bf,3,2,1,0.15155845
2017-09,C_ID_ad37febe59,3,1,1,0.86059694
2017-09,C_ID_b0d0351f09,2,1,0,-0.80142289
2017-05,C_ID_cc6bf68bd6,2,3,0,-2.61503778
2016-06,C_ID_94dbdd8a0e,2,2,0,0.1144848
2017-07,C_ID_568d03c096,2,2,0,1.30057304
2017-06,C_ID_8a6ddf2443,4,2,0,-3.67914211
2017-05,C_ID_e6590aa516,3,2,1,0.67999717
2016-05,C_ID_e7cf944cc0,3,1,1,2.69984652
2017-09,C_ID_ddce4462b9,3,2,1,1.40417138
2017-08,C_ID_0510accad2,3,1,1,0.45481085
2017-11,C_ID_bd0f6204c3,1,3,0,0.25447968
2015-02,C_ID_f71094b54d,2,1,0,3.10696626
2017-03,C_ID_ada2ba0f82,3,1,1,3.99977228
2016-07,C_ID_e41d01e0f8,5,2,1,0.11713232
2015-10,C_ID_e9120f535c,3,3,1,-33.21928095
2017-12,C_ID_4e2e2c0822,2,2,0,-0.0453691
2017-03,C_ID_47b67a62db,4,3,0,0.01137157
2017-11,C_ID_951ae2900b,2,1,0,0.84546119
2016-11,C_ID_ddc8caf01a,5,2,1,-2.00699014
2014-06,C_ID_dd66eba051,3,3,1,-1.01112326
2017-04,C_ID_683653ecea,2,1,0,3.17152837
2017-09,C_ID_9eef831220,5,1,1,3.54627605
2017-04,C_ID_28629faf1c,3,3,1,-0.17093944
2016-11,C_ID_c0e8bf822a,2,1,0,0.91713339
2015-11,C_ID_aa9cdb0688,2,2,0,-1.43043754
2016-10,C_ID_1a7c066cc9,4,2,0,-0.16265575
2017-05,C_ID_c05a675a7d,2,1,0,1.58790584
2016-11,C_ID_ddc3f69a4e,2,2,0,-1.12807885
2017-10,C_ID_105f511a27,4,1,0,0.85821223
2017-11,C_ID_20d0e314f4,2,3,0,0.83562587
2017-05,C_ID_ea712ff4f8,3,2,1,0.4131316
2016-06,C_ID_822e5f5afb,3,2,1,-0.2641392
2017-11,C_ID_ed671a4945,3,3,1,0.74071705
2014-07,C_ID_9aba554d31,3,3,1,0.43506039
2017-10,C_ID_e1d8e25e53,3,1,1,-1.07090307
2017-07,C_ID_0b67ae3bc4,2,2,0,-0.52863374
2014-03,C_ID_5161cba93b,3,3,1,-0.57648888
2017-03,C_ID_027f37fa0d,5,1,1,0.30815057
2015-08,C_ID_18411de762,5,1,1,0.18855419
2017-06,C_ID_839c8597b8,5,1,1,-0.75284491
2017-03,C_ID_65715cb80d,4,2,0,-33.21928095
2016-01,C_ID_625b72b590,5,1,1,-1.32618035
2017-11,C_ID_cf1b15e7d7,2,2,0,0.45862221
2016-12,C_ID_93001e1fd6,5,1,1,-0.44274708
2016-09,C_ID_ed6b23eaba,3,2,1,-2.12665943
2017-03,C_ID_83495e5529,3,2,1,-1.04892549
2017-08,C_ID_7c00860572,3,2,1,1.48819518
2017-10,C_ID_5519a62808,4,3,0,-0.17160362
2015-06,C_ID_df9f792e4c,3,1,1,0.21206412
2016-03,C_ID_0604bba3c8,2,2,0,-1.63565649
2016-09,C_ID_45591c7bca,3,3,1,-0.53456614
2016-06,C_ID_d8968bcd7d,3,2,1,0.02971139
2017-03,C_ID_ed5a08fb1e,3,2,1,-2.31398479
2016-07,C_ID_b1ef170f73,2,2,0,0.19025786
2017-06,C_ID_062cc54c54,4,3,0,0.917266
2017-11,C_ID_21bfc1218d,3,3,1,-0.10794666
2016-12,C_ID_9175843cc7,1,3,0,-0.21943656
2017-07,C_ID_a30fef89fb,3,2,1,0.55000977
2016-09,C_ID_b92a6c2d5d,2,2,0,2.60768258
2016-10,C_ID_72447b5e19,5,2,1,-0.0030939
2017-06,C_ID_97988e3247,3,2,1,0.7564107
2016-12,C_ID_8aca1a4d7b,2,2,0,1.64446351
2017-11,C_ID_6446a327fb,4,1,0,0.10380825
2017-04,C_ID_020ae974ca,3,2,1,-1.25198657
2016-04,C_ID_7decdf7eec,4,2,0,0
2017-05,C_ID_87772080eb,2,1,0,0.78825075
2016-08,C_ID_fc0920142f,2,2,0,-0.57725589
2017-04,C_ID_306cda06b0,4,1,0,-0.12132033
2017-11,C_ID_a7fb098de8,3,3,1,1.06188244
2017-10,C_ID_f2d10f59ab,2,2,0,2.21688204
2017-04,C_ID_7a2d33f66a,5,1,1,-0.10801413
2016-05,C_ID_a34422b7b8,5,1,1,-1.17473052
2016-12,C_ID_fbd3e3b818,3,1,1,-3.78121317
2017-07,C_ID_e040cf57d7,3,1,1,0.5447489
2016-06,C_ID_95ec020d6f,2,2,0,0.97961973
2016-06,C_ID_243e678e0b,2,2,0,-1.46243139
2017-05,C_ID_3848df3dfd,3,3,1,0.37508384
2017-04,C_ID_8fc73d1ef2,2,2,0,5.26560835
2016-05,C_ID_11150a0b04,3,1,1,-0.33080637
2016-05,C_ID_65af193e8d,4,2,0,0.76724686
2017-01,C_ID_f4bd0af9aa,4,3,0,0.03600694
2017-03,C_ID_ce1648c459,3,2,1,0.2198677
2016-10,C_ID_e7358ded9c,5,1,1,-0.57387086
2017-12,C_ID_eb47fbd9a5,2,3,0,-1.4688579
2016-09,C_ID_6806243856,5,1,1,-0.58818872
2017-11,C_ID_94c9a017a7,3,2,1,1.42217039
2014-05,C_ID_6a1a521600,3,3,1,-1.40498383
2017-09,C_ID_a0a63483bc,3,2,1,-1.79479488
2017-05,C_ID_52ade919cf,5,2,1,0.16825548
2017-07,C_ID_a6f64ab245,3,2,1,-2.28008777
2017-09,C_ID_fbf9b79e13,4,3,0,-0.79172012
2017-10,C_ID_6e07f0acd9,3,2,1,-0.83975672
2017-05,C_ID_151cf18b15,2,1,0,0.56013948
2017-08,C_ID_028bd7dc53,4,1,0,0.20736679
2017-09,C_ID_0a622086f6,3,1,1,-0.5693663
2017-12,C_ID_66eedba4e6,4,2,0,-0.1785065
2017-07,C_ID_79a6de32d2,2,1,0,0.57364289
2017-01,C_ID_3727486ab7,3,2,1,-2.31525409
2016-10,C_ID_242e76a513,2,2,0,3.56408875
2017-09,C_ID_b786fdad3c,3,3,1,2.54820395
2017-04,C_ID_d8036ab539,3,1,1,-1.78351694
2017-06,C_ID_27800c37cc,1,1,0,-1.34789271
2017-12,C_ID_9870167830,3,2,1,-1.01181699
2017-10,C_ID_bf2d3ffb67,3,1,1,-1.6969112
2016-06,C_ID_acadabf2cf,3,3,1,1.04060721
2017-06,C_ID_126d07b476,2,2,0,0.53428429
2017-04,C_ID_fc3aad0d44,3,3,1,4.48436952
2017-07,C_ID_121ab1de64,3,1,1,2.14684139
2017-03,C_ID_6e8be4bfe6,1,3,0,-0.10617092
2016-05,C_ID_f8625969fd,4,2,0,0.25097816
2017-05,C_ID_e9135eb292,3,2,1,-3.69599381
2016-11,C_ID_425d2dfcbc,3,3,1,1.17860695
2016-04,C_ID_0312a9bfd7,2,2,0,1.88730244
2017-10,C_ID_935d23ff15,2,2,0,-0.29742178
2017-01,C_ID_ae77d244b6,2,1,0,-33.21928095
2017-08,C_ID_01f7ddc638,5,1,1,-3.34023362
2017-08,C_ID_281d9623a5,2,3,0,-0.89739013
2017-11,C_ID_323f262c07,4,1,0,0.62656195
2017-07,C_ID_6d079f9298,3,3,1,-0.9393894
2017-09,C_ID_7defcfa99d,3,1,1,-0.23705205
2015-06,C_ID_5671eaade7,5,1,1,1.03035303
2017-10,C_ID_f0975077c6,2,3,0,1.27235711
2017-10,C_ID_2a404611e2,3,3,1,2.53564481
2017-03,C_ID_5731d35f32,2,1,0,-0.81670194
2017-01,C_ID_a62cc5c5aa,2,1,0,-0.04427581
2017-09,C_ID_1c0c76a0b8,3,1,1,-0.91195164
2015-12,C_ID_93f5541a0d,5,1,1,-0.80029377
2016-07,C_ID_9b8687d7b4,3,3,1,-0.12988151
2017-09,C_ID_4f968ee94a,2,1,0,0.55043272
2017-11,C_ID_cda6f8466a,2,2,0,-0.34094727
2017-12,C_ID_2ba410859a,2,1,0,-0.6234353
2016-09,C_ID_4583f9b0df,1,1,0,1.55074632
2017-09,C_ID_ee5bb1f392,2,3,0,-1.23053855
2017-09,C_ID_ea1632455c,3,1,1,-1.30221316
2016-10,C_ID_baefbfef08,5,1,1,2.26795369
2016-02,C_ID_1c4046b1b0,4,2,0,-0.94924474
2017-11,C_ID_051a718d3f,5,2,1,0.51096192
2015-07,C_ID_c4262c902e,5,1,1,-33.21928095
2016-07,C_ID_3cb5013dba,3,3,1,-0.96846843
2014-05,C_ID_fad999ca8b,5,1,1,-0.98583416
2016-08,C_ID_81c55f0160,3,3,1,-2.69277826
2017-07,C_ID_54d51ee076,4,2,0,0.14951105
2017-08,C_ID_af87e33129,3,2,1,0.22945154
2017-03,C_ID_6a2c823e5f,2,1,0,-33.21928095
2017-08,C_ID_a0818d6cdb,3,1,1,0.50571116
2017-01,C_ID_35454c1d62,5,1,1,0.74154232
2017-11,C_ID_bdd9a5f76d,3,1,1,-0.92962787
2017-07,C_ID_f82ba61a01,2,2,0,0.56512575
2015-10,C_ID_512c73fd54,2,2,0,-0.79651486
2016-09,C_ID_ba5ee49770,3,3,1,-1.06880945
2016-12,C_ID_353dfe5742,3,3,1,-2.83580161
2017-01,C_ID_9e1dd8a317,2,2,0,0.16906676
2017-12,C_ID_f4bf40bd39,3,1,1,-2.00367566
2017-06,C_ID_ed1a2737f1,3,2,1,0.52405547
2016-02,C_ID_3b7eee3a74,2,2,0,-0.45952192
2017-08,C_ID_8042446a79,2,3,0,-0.09515992
2015-03,C_ID_481fc7bb54,2,1,0,3.45247274
2017-06,C_ID_75fdefe041,4,1,0,-0.96034453
2016-07,C_ID_671bb26007,2,2,0,-6.60112598
2016-09,C_ID_4891a91d8b,3,3,1,0.89759729
2017-04,C_ID_b8615c66d6,3,1,1,2.91294327
2017-05,C_ID_146883e18b,3,2,1,0.10323884
2016-05,C_ID_98df3a5981,3,2,1,0.07459402
2017-07,C_ID_9b8f015d5b,1,3,0,0.8466352
2017-10,C_ID_2766f9cdf2,4,3,0,-2.14877317
2017-04,C_ID_1bbb0d3511,2,1,0,0.09771014
2017-12,C_ID_67fb3821cc,3,1,1,0.25208965
2017-05,C_ID_7d0f5eefe2,1,3,0,-2.71058706
2017-04,C_ID_51370da759,3,3,1,1.14260929
2017-03,C_ID_41fa3be971,3,2,1,-2.12218542
2017-04,C_ID_dc2da9b82e,2,1,0,1.54402222
2015-07,C_ID_7c341c1897,5,1,1,0.66412951
2017-11,C_ID_1b8dc6e084,2,1,0,1.87145433
2017-03,C_ID_c90e8d4d3b,3,2,1,1.77928666
2017-05,C_ID_4ab8d196b1,2,1,0,1.40025307
2017-02,C_ID_263c70a16e,5,2,1,2.64648154
2017-01,C_ID_a8396f1fb3,5,2,1,-2.41509619
2017-04,C_ID_fd120ea087,2,2,0,4.52413208
2017-11,C_ID_8718b55207,2,1,0,-0.52134762
2017-11,C_ID_753b208e83,2,2,0,-1.10879992
2016-11,C_ID_9d122c1cc9,2,1,0,1.20608227
2015-07,C_ID_d6bf76b107,3,3,1,-0.74530663
2016-01,C_ID_72d785659e,3,3,1,-0.07253557
2017-10,C_ID_ad7e78be41,4,1,0,0.29110256
2017-10,C_ID_7a1f8a2e34,3,3,1,-0.32702159
2016-09,C_ID_29d953e448,3,2,1,-0.74749253
2017-11,C_ID_d25746fced,2,1,0,1
2017-08,C_ID_a3ab5b2aad,3,2,1,0.70438807
2017-10,C_ID_1163d383f3,3,1,1,-1.50763607
2014-05,C_ID_f39f414a70,3,3,1,0.77836098
2016-08,C_ID_fcf53bdd6d,2,2,0,2.14373448
2017-03,C_ID_e59afb1603,3,3,1,1.21205006
2017-07,C_ID_394aca084a,3,2,1,1.23391576
2015-09,C_ID_977d3088f2,5,1,1,-0.06573478
2017-06,C_ID_01985962b5,1,1,0,-0.11575452
2016-07,C_ID_42421ac52e,5,2,1,-7.43208772
2017-11,C_ID_ad53e8cf62,3,1,1,0.6714802
2017-08,C_ID_c35df2a139,3,1,1,0.56810763
2017-07,C_ID_d6f2386dd7,5,2,1,1.01697632
2017-09,C_ID_0588287dee,5,1,1,1.47133519
2017-05,C_ID_d8b437de5d,2,1,0,-1.05647273
2017-09,C_ID_04e6787185,2,1,0,-0.70776748
2017-09,C_ID_27570536a2,3,1,1,-0.29952129
2014-06,C_ID_ca7ce857d5,3,3,1,-0.16558158
2017-08,C_ID_fdf3a87092,2,3,0,-3.15053671
2017-01,C_ID_a97e9ddcff,2,3,0,0.07310866
2017-05,C_ID_021e5894cc,2,1,0,0.0743806
2016-12,C_ID_38a1fc0955,3,3,1,-0.84781083
2014-01,C_ID_c1f89ad3c1,3,3,1,-0.87459898
2017-06,C_ID_ca2968ed7d,4,1,0,2.45509663
2017-10,C_ID_7338ce0efb,2,1,0,-1.16900197
2017-11,C_ID_0dea332d6c,3,3,1,8.61803672
2017-05,C_ID_fc80b7ca31,2,1,0,0.41959297
2017-05,C_ID_e979035d8f,5,2,1,1.63075368
2016-08,C_ID_b85a85c75c,2,2,0,-0.19314902
2017-09,C_ID_8cedb1705d,5,1,1,-0.5742916
2017-06,C_ID_cb946c96eb,4,1,0,5.69472208
2015-10,C_ID_904222d6b7,2,2,0,0.01665466
2017-09,C_ID_03d5c62ec8,1,2,0,0.54686745
2017-03,C_ID_aef4b7218b,4,2,0,1.4520717
2016-07,C_ID_dc4d0d294a,3,3,1,0.35036695
2017-12,C_ID_e7eb5ba10d,3,3,1,-0.14095581
2017-10,C_ID_0e8941459e,2,3,0,-0.40632569
2016-06,C_ID_6c33b272f3,3,1,1,-0.70744147
2016-08,C_ID_3d2014963b,1,1,0,-1.57110676
2016-10,C_ID_ddc286ab03,3,2,1,4.21039212
2017-03,C_ID_63e012e252,3,1,1,-0.36382692
2017-09,C_ID_d38df791f0,2,1,0,-0.5658547
2017-05,C_ID_432a7356cb,1,1,0,-1.59671683
2017-06,C_ID_9d105ef026,5,2,1,1.05054415
2016-12,C_ID_349cbed802,5,2,1,-4.72198136
2016-12,C_ID_734044eeeb,1,3,0,0.00618659
2016-05,C_ID_6b73d521bd,5,1,1,-0.59051799
2017-01,C_ID_d8e7344eac,2,1,0,-0.21174404
2016-12,C_ID_52b5cd8337,2,2,0,2.89122194
2016-05,C_ID_7d971cbb0f,2,2,0,-0.49074641
2015-08,C_ID_6245d5f4fb,3,3,1,1.75884379
2017-07,C_ID_332a2bd395,1,1,0,0.77367824
2017-10,C_ID_fca511334a,3,1,1,0.74446139
2017-01,C_ID_b1d302b55a,3,1,1,-3.49380596
2014-04,C_ID_8ea5a45854,3,3,1,-0.62068216
2016-08,C_ID_f3ccb04865,2,2,0,0.89025922
2017-11,C_ID_bb11996056,2,1,0,1.02512336
2017-09,C_ID_bdf8a74876,3,2,1,0.23962874
2015-09,C_ID_6ff604d3a1,3,3,1,1.28850043
2017-08,C_ID_c568aef6c2,2,1,0,-1.04921458
2017-09,C_ID_1bfc3cbf3e,2,1,0,0.76785993
2017-09,C_ID_e68f4e7ce0,2,1,0,1.67302563
2017-10,C_ID_35cfc8ad18,5,1,1,-0.50057223
2017-02,C_ID_709e6abf9d,3,2,1,-1.59753348
2017-04,C_ID_aed3be1840,2,1,0,0.41050509
2017-03,C_ID_4b12657483,3,3,1,-0.13002467
2016-11,C_ID_2fb49bee86,5,1,1,0.01372903
2014-06,C_ID_c36ae4474c,3,3,1,1.26243977
2016-05,C_ID_ed4c5e9ac8,2,2,0,-1.26167691
2016-06,C_ID_e983fee8a2,5,1,1,0.05501355
2017-05,C_ID_9a2169e095,5,2,1,-1.60378658
2017-09,C_ID_267a3607b4,3,3,1,0.10596693
2017-02,C_ID_ab049bce46,5,2,1,0.91103992
2017-11,C_ID_b5745aa3b9,5,2,1,1.96746354
2017-01,C_ID_030219ede6,4,2,0,-0.03359259
2017-09,C_ID_6555c5b4c8,3,2,1,1.78082369
2016-07,C_ID_dfa191a30f,3,3,1,-0.55900723
2017-06,C_ID_0b4010b6f6,5,1,1,-0.64508101
2017-04,C_ID_08b1a1d35a,2,1,0,-2.26466743
2017-11,C_ID_7472b48aa2,4,3,0,0.94914809
2016-06,C_ID_148cc6ba86,3,2,1,-0.64726175
2016-03,C_ID_a6ab601484,4,2,0,-0.02540685
2017-03,C_ID_4156a255f7,2,1,0,-2.88942516
2017-05,C_ID_9b48321321,4,2,0,0.61427796
2017-06,C_ID_d901d4494c,2,1,0,-0.19618662
2014-03,C_ID_afd53d6c12,3,3,1,0.97087912
2017-01,C_ID_1784b0ddc9,4,1,0,-1.28941269
2017-10,C_ID_b499d67fcd,4,1,0,0.8901945
2016-11,C_ID_133ea909ff,1,3,0,0.19279359
2017-06,C_ID_98e1cb10b6,2,3,0,-33.21928095
2015-12,C_ID_f0316caba1,2,2,0,-0.54982564
2017-10,C_ID_d43336b1fd,5,2,1,-5.30973402
2017-03,C_ID_ea191dffbe,3,1,1,1.11476857
2017-10,C_ID_57554c4ce2,2,1,0,-4.4747707
2015-08,C_ID_0fc64c3c81,3,3,1,0.23876075
2014-10,C_ID_a5bf1e1d7c,3,3,1,-0.805596
2016-12,C_ID_b3230f0eb3,5,2,1,0.20120513
2016-08,C_ID_49e43a157c,2,2,0,-0.10801908
2017-06,C_ID_62e67f3536,2,1,0,1.92401484
2014-04,C_ID_23bd53df14,3,3,1,2.13021109
2017-10,C_ID_05d39e32c6,5,2,1,0.18295255
2017-11,C_ID_bda9bd98fb,3,3,1,0.33486715
2016-12,C_ID_4c58e6b7f3,5,1,1,1.11721668
2016-03,C_ID_164796e771,3,3,1,0.22669875
2017-06,C_ID_e9cf11c5be,5,2,1,2.36504962
2017-12,C_ID_324a6ce990,2,2,0,3.87958361
2015-08,C_ID_2fd070a5b6,3,3,1,0.03641158
2015-12,C_ID_b5e76e6f98,4,2,0,4.32886539
2016-02,C_ID_f3c1d160ec,4,2,0,0.4620949
2015-07,C_ID_3b737a962c,5,1,1,-0.14451116
2017-04,C_ID_e143c551c1,3,2,1,-0.03946408
2016-10,C_ID_a1f2b29b82,2,1,0,-0.94016985
2015-10,C_ID_d784a5a685,3,1,1,0.17280708
2017-04,C_ID_03ed1a6487,2,2,0,-0.79585664
2017-01,C_ID_3a61e2e5ff,1,2,0,-0.73586177
2017-11,C_ID_4243de89b0,2,3,0,0.03007999
2017-03,C_ID_9496a49043,3,2,1,0.1518402
2017-01,C_ID_cd3eb965db,3,3,1,2.68216329
2017-09,C_ID_0f93e85034,2,1,0,-2.12446287
2015-08,C_ID_93baf918b7,3,3,1,0.75170379
2016-01,C_ID_9bf5be73e5,3,3,1,-0.51096982
2017-12,C_ID_40024602f9,2,1,0,0.31836787
2016-03,C_ID_3289ad9efd,5,1,1,1.87961124
2017-09,C_ID_0acde00911,1,1,0,-0.20048823
2016-08,C_ID_6da6be6d5b,2,2,0,0.47158696
2017-07,C_ID_732da814aa,2,1,0,-0.56486112
2017-10,C_ID_c04a3ad58b,3,1,1,0.03746165
2016-12,C_ID_54c8c4c06b,4,1,0,0.45982098
2016-10,C_ID_b9aca711e3,3,2,1,-3.27420404
2016-12,C_ID_8e59e85a2d,2,2,0,-0.87703131
2017-06,C_ID_c6eaa1004b,3,1,1,0.36271394
2017-10,C_ID_427c330723,3,1,1,0.06565898
2017-09,C_ID_9606031413,2,1,0,2.70481949
2017-06,C_ID_1035bdf621,2,3,0,-3.34823549
2014-02,C_ID_b5face2620,3,1,1,0.42588738
2015-09,C_ID_fd6de225c7,2,2,0,-2.72490707
2016-11,C_ID_7f99446de9,2,2,0,-1.31228109
2017-12,C_ID_8d23d14733,3,3,1,-1.55519875
2016-03,C_ID_a96f2e265e,5,1,1,2.1451841
2017-05,C_ID_275ac95b1f,2,1,0,-5.61997049
2016-10,C_ID_a774e01896,3,2,1,2.60774993
2017-08,C_ID_021abbfaf8,3,1,1,0.25804856
2017-12,C_ID_f286cdcc63,3,1,1,-0.89773739
2017-08,C_ID_fd650a86ee,5,2,1,-1.7802395
2017-06,C_ID_0de1f3a869,3,1,1,0.91038857
2017-06,C_ID_98131a3929,2,2,0,0.85690526
2016-05,C_ID_eeb65a68ae,2,2,0,-1.03871613
2017-04,C_ID_489af1caba,5,2,1,0.57173041
2015-11,C_ID_c8e0721ff2,2,2,0,2.34809157
2017-07,C_ID_cc1d24c817,4,2,0,0.39340929
2017-05,C_ID_330d153067,5,2,1,-0.1727026
2017-09,C_ID_37b4822fb8,3,3,1,1.53737281
2017-08,C_ID_3532dc26c4,2,3,0,-4.96224052
2016-12,C_ID_0a76b20d9e,3,2,1,-0.03621085
2017-04,C_ID_1d0b7ebd3f,3,1,1,-0.59879054
2017-06,C_ID_403b13451f,3,2,1,-3.21296354
2017-07,C_ID_b69187377b,2,1,0,-1.60339357
2016-08,C_ID_b39ec62b10,3,2,1,-0.8016017
2016-11,C_ID_db5c329a05,5,1,1,-1.09007375
2016-11,C_ID_79af26c340,3,3,1,-1.87883431
2017-01,C_ID_6f0b55a845,3,1,1,2.45540725
2017-09,C_ID_f482e0ed2c,3,3,1,2.16620802
2017-08,C_ID_1625180d95,3,2,1,0.40001603
2017-09,C_ID_6d9ab7ed8d,4,1,0,-0.20789413
2017-08,C_ID_6db5ee8b52,2,3,0,-0.69232344
2017-08,C_ID_fa9fa0b71a,3,3,1,1.31050633
2015-05,C_ID_8841990302,1,2,0,0
2016-10,C_ID_705fc51f9d,2,2,0,-0.16788249
2017-02,C_ID_e38c151a2d,3,2,1,0.89178088
2017-04,C_ID_3c7fa72a88,3,3,1,1.46361173
2017-03,C_ID_eb8175721a,4,1,0,-33.21928095
2017-02,C_ID_b36d5816f9,2,1,0,-1.11269463
2016-04,C_ID_a6b4a1246e,3,3,1,-0.20369849
2017-10,C_ID_643a2333b5,1,1,0,0.99648828
2016-11,C_ID_c703a5ee37,1,1,0,-1.32098486
2016-07,C_ID_3db966a679,2,2,0,0.78626015
2016-11,C_ID_a58d0efd5e,3,2,1,-0.4987992
2017-09,C_ID_efd5a7ae75,4,3,0,-5.6933102
2017-10,C_ID_3a701a4f4d,1,1,0,1.53668002
2017-10,C_ID_2c5c9f026e,2,1,0,-1.58775984
2017-02,C_ID_a749f3a780,4,1,0,0.95954302
2017-07,C_ID_d780c78745,4,1,0,-0.73438401
2017-08,C_ID_2ff56e14c1,2,1,0,-2.54302461
2017-01,C_ID_fdab39a98d,2,1,0,-0.0350011
2017-11,C_ID_52da22d342,3,2,1,-1.31929834
2017-11,C_ID_36651affe3,3,1,1,0.90145664
2016-06,C_ID_285a2f5682,2,2,0,-1.42516129
2016-03,C_ID_8502939856,4,2,0,0.21358577
2016-08,C_ID_9f96af4b02,3,2,1,-0.81874547
2017-12,C_ID_3d943095d2,1,1,0,-0.22881317
2017-08,C_ID_01f7bd95a1,5,2,1,0.4426811
2014-11,C_ID_3e5e7b8865,3,1,1,1.33659773
2016-10,C_ID_cdb3678d36,2,1,0,1.27012012
2016-12,C_ID_a3da4a70c6,5,1,1,1.70425543
2017-09,C_ID_2208181e7b,2,1,0,0.34721094
2016-11,C_ID_58c0c65fb3,5,2,1,-0.64988626
2017-03,C_ID_8051b86456,4,1,0,-1.49757706
2017-02,C_ID_959eb7f284,3,1,1,-0.3181725
2016-11,C_ID_0a6b639fa4,1,1,0,0.67262381
2017-10,C_ID_a75f682d31,4,1,0,2.19425779
2017-10,C_ID_c035feeb76,2,1,0,-1.47492362
2017-06,C_ID_89685b906c,2,2,0,0.64156898
2017-09,C_ID_f1ded93889,3,3,1,-0.1935705
2017-06,C_ID_5ecdc56ab4,2,1,0,0.01060163
2017-10,C_ID_60b0640c2c,3,3,1,2.08177993
2017-07,C_ID_a9728a39b5,4,1,0,-2.94416687
2016-12,C_ID_f1747588a5,2,1,0,0.10504177
2016-11,C_ID_59fe57a6b8,5,1,1,-0.22116864
2017-10,C_ID_d2e4933dac,2,1,0,-0.54390246
2016-07,C_ID_a9935400cb,3,1,1,0.52199963
2017-04,C_ID_0e97b9c327,2,1,0,-0.51189953
2016-07,C_ID_5b96c5272a,2,2,0,0.02345783
2017-06,C_ID_17e87ea13c,1,1,0,-0.39657498
2017-08,C_ID_1d437b41aa,2,1,0,2.83623741
2017-11,C_ID_f252f7283e,2,3,0,3.08959354
2016-09,C_ID_2795fedd40,3,2,1,0.56827872
2015-09,C_ID_3bf06642f1,5,1,1,-0.55448379
2016-09,C_ID_b5a88a0fc6,4,2,0,3.3165712
2016-04,C_ID_a2580006bf,4,2,0,-33.21928095
2014-11,C_ID_17200632a7,5,1,1,0
2017-07,C_ID_c1c4bf2c5f,4,2,0,0.50281536
2017-03,C_ID_af84ee8102,5,2,1,1.07927713
2017-07,C_ID_8168290d4c,3,2,1,0.53072616
2016-10,C_ID_7eb24774e2,1,2,0,0.31738575
2017-08,C_ID_ee570749d3,4,1,0,1.04542708
2015-08,C_ID_b9074b6805,3,1,1,1.86433305
2014-09,C_ID_6dc4c5310c,3,3,1,-4.2676435
2017-03,C_ID_c57ca0300a,4,1,0,-1.1962785
2017-04,C_ID_39a605eca4,2,1,0,-0.47497462
2017-10,C_ID_0fb2fe6256,2,3,0,0.36403399
2017-11,C_ID_e919dcb323,2,1,0,0.3356716
2016-11,C_ID_af962cb82d,3,3,1,-2.25727693
2017-03,C_ID_9785058171,3,2,1,0.53995605
2017-08,C_ID_67906f4fdf,3,1,1,0.21986655
2016-04,C_ID_bba654d885,5,1,1,-2.92023592
2017-06,C_ID_04e3f2d28c,2,1,0,-0.56669656
2017-09,C_ID_b48b5aa99a,3,2,1,-2.72151577
2017-12,C_ID_17634cc82a,3,1,1,0.77079128
2017-07,C_ID_6e79bb3acf,3,2,1,0.27883463
2016-07,C_ID_9946da7d84,5,2,1,-0.6746591
2017-08,C_ID_35c69e0633,2,2,0,-1.44446737
2013-12,C_ID_e09687dd3b,3,3,1,0.64503697
2016-08,C_ID_e5713baf89,3,3,1,1.42940199
2017-05,C_ID_49ca6958db,2,2,0,0.75321951
2017-08,C_ID_33d41fd3b4,5,2,1,-1.08113603
2017-03,C_ID_eec399e035,5,1,1,0.92395489
2016-12,C_ID_08dbc64c1c,3,3,1,-0.58933986
2017-11,C_ID_e9f9ad9084,2,3,0,1.00976661
2017-09,C_ID_1f1c7e2e5a,5,1,1,-0.31479627
2017-10,C_ID_e4668c5c9e,1,1,0,0.47582066
2017-10,C_ID_8511423833,3,3,1,0.4595734
2016-08,C_ID_1a5ff50017,2,2,0,-0.43497765
2017-11,C_ID_856221c39e,3,1,1,5.28143862
2017-07,C_ID_657de0deaf,1,1,0,-2.5843739
2017-11,C_ID_cf646c762a,4,3,0,0.7765723
2017-07,C_ID_c7d9559eed,3,2,1,-1.07867718
2017-12,C_ID_02668d26bf,2,1,0,-0.30922895
2017-08,C_ID_e06d7ac6c1,5,1,1,1.21951164
2017-09,C_ID_082edd3553,2,1,0,0.41154458
2017-05,C_ID_5a6ead9a52,3,3,1,-0.27487239
2017-11,C_ID_df44124a83,3,2,1,-0.65337905
2017-08,C_ID_ca35b43792,5,2,1,-0.46418247
2017-10,C_ID_5d928c021c,2,1,0,0.69971701
2016-08,C_ID_08b870aecc,5,1,1,-0.46997786
2015-08,C_ID_688750b9de,3,1,1,0.43398445
2017-09,C_ID_41ba39529e,4,1,0,-0.00630466
2015-09,C_ID_1ac8311ba1,3,3,1,0.27233895
2016-08,C_ID_ab4fa4d1a4,5,2,1,-0.09613002
2017-10,C_ID_65727cf50f,2,1,0,-0.80458924
2016-12,C_ID_2e49ece8b1,2,3,0,-33.21928095
2017-01,C_ID_aebbb6841f,3,1,1,-0.1275074
2016-05,C_ID_1ad338b427,3,3,1,1.31921535
2017-08,C_ID_68419fc6bd,4,1,0,0.87789606
2017-08,C_ID_441a238f38,2,2,0,0.49521659
2017-10,C_ID_874f8ed40c,2,3,0,1.09307199
2014-09,C_ID_63581d4ccd,3,3,1,3.38518732
2017-10,C_ID_f7b8b9e921,5,2,1,1.53985026
2017-01,C_ID_65bf3ac941,2,1,0,1.60029774
2017-12,C_ID_2f9012f9ca,3,1,1,0.00310602
2016-12,C_ID_0cb44a170d,1,1,0,-0.70420884
2017-12,C_ID_16a11a9b84,3,1,1,0.27570974
2016-04,C_ID_7efe2311b7,2,2,0,-33.21928095
2015-09,C_ID_a72b8cfa0c,3,1,1,-0.43732694
2017-08,C_ID_39a8dfa65c,2,2,0,-0.7486368
2017-11,C_ID_239eda600c,3,1,1,-1.26209508
2017-11,C_ID_e3ab4a603c,3,1,1,-3.5788564
2016-01,C_ID_7dfd1dcf43,2,2,0,0.04937158
2017-09,C_ID_a1a4f67db2,3,2,1,2.23773944
2017-05,C_ID_8336b8335b,3,2,1,1.69616078
2016-11,C_ID_f6fdc2f2b2,3,2,1,0.43513631
2017-03,C_ID_37e3d6be84,3,2,1,0.42473029
2015-01,C_ID_0642f77a2b,3,1,1,0.24935947
2016-11,C_ID_e180c38020,1,2,0,-1.32618128
2016-05,C_ID_f202ba6e83,2,2,0,4.00266321
2017-05,C_ID_6fa7269137,5,1,1,0.56343243
2016-05,C_ID_2c22794f6c,5,1,1,-1.18020205
2015-06,C_ID_336e4b54fe,5,1,1,-1.0957012
2016-08,C_ID_99b86c81a4,3,1,1,1.39667696
2017-07,C_ID_17791b8bd4,2,2,0,0.32986396
2016-12,C_ID_d85c77e653,3,2,1,1.52240046
2014-09,C_ID_75ce55d5af,3,3,1,1.73577728
2017-11,C_ID_f48cc670be,3,1,1,-1.65656531
2017-10,C_ID_9b9c5ace73,3,2,1,0.90867847
2017-01,C_ID_4bf7631e9b,3,3,1,2.81858123
2017-08,C_ID_9245987bb3,3,2,1,0.29273779
2017-07,C_ID_58161339d1,3,3,1,-1.81400792
2015-02,C_ID_686637ab32,3,3,1,-1.41508258
2015-09,C_ID_e9056bd097,2,2,0,1.14838255
2017-02,C_ID_30328e48e2,2,2,0,2.17239815
2016-08,C_ID_07e19dce89,2,2,0,-0.46971306
2017-12,C_ID_12ce7cf5bc,3,1,1,6.14761354
2016-07,C_ID_9878982536,5,1,1,1.49259733
2017-09,C_ID_f0cf23beb2,2,2,0,0.08046071
2017-11,C_ID_0ea5122eba,3,1,1,3.02473047
2016-12,C_ID_a076107b6d,4,1,0,-6.01980189
2017-10,C_ID_4278cfe218,3,1,1,2.15251265
2015-07,C_ID_9759c92bfd,3,1,1,-1.68749048
2016-07,C_ID_d4eb521553,3,2,1,0.42999951
2016-09,C_ID_c8a76f9eae,2,1,0,-0.0948934
2016-11,C_ID_aec05225e6,5,1,1,0.2156126
2016-12,C_ID_cbc28b7ddc,5,2,1,0.06358381
2014-12,C_ID_680499db73,3,1,1,-4.71786384
2016-11,C_ID_639659be79,4,3,0,2.59663275
2017-02,C_ID_daebb15855,3,2,1,2.7660958
2017-05,C_ID_6d52102eaa,2,1,0,0.5034984
2017-11,C_ID_0e88908f2f,2,2,0,-0.08660799
2017-08,C_ID_027d2b701e,2,1,0,-1.12519012
2016-11,C_ID_9ee8dc77be,4,1,0,-0.33162451
2017-11,C_ID_c74a353558,2,1,0,1.03530716
2016-03,C_ID_b6e17c2a0d,3,2,1,0.43708714
2017-01,C_ID_efda719399,2,3,0,0.19020067
2016-04,C_ID_41ae20cc3a,3,2,1,4.57663767
2017-11,C_ID_0b423425fe,3,3,1,1.20883105
2016-02,C_ID_69906e27f3,5,1,1,0.60638817
2016-07,C_ID_16546344f4,3,2,1,1.18614738
2015-12,C_ID_78bb01b56e,5,1,1,-0.66435791
2017-04,C_ID_328d93b6a0,5,2,1,0.11358723
2017-08,C_ID_1e7f6ffeaa,4,1,0,1.06922172
2017-04,C_ID_6ae1fdc40e,3,1,1,1.17836594
2017-08,C_ID_249bb6e827,4,1,0,-0.08154163
2017-07,C_ID_bfe8506b47,3,3,1,-0.97882244
2016-07,C_ID_63be2978cf,3,2,1,3.68899921
2017-01,C_ID_7bbbafed88,4,1,0,2.06487099
2017-09,C_ID_0f53635f38,3,1,1,-0.53302316
2015-11,C_ID_d66fdc09ef,3,3,1,1.68554161
2017-11,C_ID_700793bcac,4,2,0,0.20756371
2016-05,C_ID_3b182e71b0,5,1,1,0.33245491
2017-06,C_ID_a6c5789075,4,1,0,0.14283847
2017-12,C_ID_0c56a19009,3,2,1,1.96631665
2016-12,C_ID_45b65d144b,1,1,0,0.09503516
2017-06,C_ID_a090286ceb,4,2,0,0.47569964
2016-08,C_ID_8bc5cadd5e,2,2,0,-0.16144444
2017-12,C_ID_1a148f6051,5,1,1,1.0135271
2017-11,C_ID_a543f69932,3,2,1,0.27611733
2016-08,C_ID_9a6f1854d5,2,2,0,-0.7281558
2017-08,C_ID_55d3e101da,3,2,1,-4.23321006
2017-02,C_ID_78d2c7ffc7,1,1,0,0.6838417
2017-03,C_ID_3ffc507a7b,2,1,0,-0.4054138
2017-02,C_ID_5615eb269b,3,2,1,0.55696426
2016-05,C_ID_c6e452466a,2,2,0,0.42378506
2017-12,C_ID_196eb90058,4,3,0,0.68675931
2017-03,C_ID_98608976c1,5,1,1,-1.23673802
2017-07,C_ID_61418461e4,5,1,1,0.22737582
2016-05,C_ID_d9464ad421,5,1,1,-3.37256256
2017-04,C_ID_4b213062c3,2,1,0,-0.02435369
2017-11,C_ID_f08c277998,1,1,0,1.11376624
2017-01,C_ID_5fb0e2d280,1,3,0,-1.51081077
2017-12,C_ID_1948f497dd,3,1,1,-0.01358562
2016-12,C_ID_c246887e85,3,2,1,2.41202875
2017-12,C_ID_e0b7e7a180,3,1,1,-2.70039579
2015-09,C_ID_a9d9857834,2,2,0,1.21083378
2017-11,C_ID_9b2600d907,4,1,0,-0.94166117
2017-04,C_ID_075d5ce092,2,3,0,1.26237905
2017-09,C_ID_bf83c4f289,4,1,0,-5.14187646
2017-12,C_ID_f01cc910e3,3,1,1,1.52974607
2017-09,C_ID_6e5fbab339,3,2,1,-2.10279436
2017-07,C_ID_10e1c0fe42,2,1,0,-0.15430525
2017-10,C_ID_69251a0f70,2,1,0,0.14416946
2016-06,C_ID_28110f2200,2,2,0,-0.17941028
2017-11,C_ID_7f3a7c45c1,3,1,1,0.82463553
2017-04,C_ID_c446830274,2,2,0,-0.76373346
2017-08,C_ID_4973eaf062,2,1,0,1.12930843
2017-05,C_ID_5463894fe5,3,2,1,-0.83342708
2017-06,C_ID_7fc141d648,3,2,1,1.47888554
2017-01,C_ID_ad3f86ba45,4,1,0,-0.9638901
2016-05,C_ID_71b258dbe3,2,2,0,1.83650127
2016-06,C_ID_d8ef7fb310,3,2,1,3.27512803
2017-11,C_ID_c48642878b,3,1,1,-1.24768243
2014-09,C_ID_1bc14378c1,3,3,1,-1.00941515
2016-11,C_ID_f667226b50,5,2,1,1.44423639
2015-12,C_ID_bae3e3f87c,2,2,0,-33.21928095
2017-12,C_ID_0a18090f65,1,1,0,0.65637389
2017-09,C_ID_dcfaaf2ea8,3,3,1,0.65582035
2016-11,C_ID_cb9175d1fe,2,1,0,-0.10443971
2017-02,C_ID_b8736575c9,2,1,0,0.22456767
2017-06,C_ID_8976274cfc,1,1,0,-0.32497197
2017-08,C_ID_6ce08d66d7,3,2,1,-1.78479149
2016-09,C_ID_671a56b6fd,2,2,0,-1.03214189
2017-10,C_ID_1fec39e4c6,5,2,1,-1.02273604
2017-04,C_ID_369e947198,3,1,1,1.45979172
2017-10,C_ID_9e458daeee,4,1,0,0.35244182
2016-03,C_ID_b8791a4133,5,1,1,1.51565857
2017-08,C_ID_a45e123a5b,2,1,0,0.74516351
2015-05,C_ID_c624094061,2,2,0,-0.23257823
2017-05,C_ID_5197fdf37f,3,2,1,2.39592256
2014-04,C_ID_33d853f76b,3,3,1,-3.53387258
2017-05,C_ID_62e865eff6,4,2,0,0.60671416
2017-10,C_ID_05a958d0ae,2,3,0,0.13589658
2017-08,C_ID_1b64da8219,2,3,0,0.3282154
2017-12,C_ID_d6b651e2a9,2,1,0,-0.40653453
2017-09,C_ID_59cba8dd7a,3,1,1,-2.43293503
2016-09,C_ID_eaeed97617,5,2,1,-2.89595795
2017-12,C_ID_77c2fdff02,2,3,0,0.15924933
2017-11,C_ID_38afbf7088,3,3,1,-0.44613011
2017-07,C_ID_dcdfa701ee,5,1,1,0.916129
2016-01,C_ID_a69150d673,2,2,0,2.36062376
2015-12,C_ID_ffe7a0256d,5,1,1,1.64637778
2015-03,C_ID_ac89f56523,5,1,1,0.36951539
2017-05,C_ID_59ae378d20,1,1,0,-1.32872834
2017-07,C_ID_cf84ee1bc3,4,1,0,1.24459
2016-06,C_ID_986c659df7,3,3,1,-0.63495173
2017-09,C_ID_173cad9177,2,3,0,0.62638644
2017-03,C_ID_61fa6423b6,3,3,1,0.83816876
2017-08,C_ID_c6490b7411,5,2,1,-0.42926952
2017-12,C_ID_606e9a9a85,5,2,1,-2.45690139
2016-12,C_ID_8d5eb748f2,2,2,0,0.68633252
2016-01,C_ID_2fccffd809,5,1,1,-6.50404747
2017-09,C_ID_3d863e5a47,4,2,0,0.67938119
2017-07,C_ID_e1807e2647,2,1,0,-0.15546231
2017-12,C_ID_1a2ee0b5a5,2,1,0,0.77368217
2016-09,C_ID_9c5a4d284f,1,2,0,4.80562515
2017-08,C_ID_5526198e8f,4,3,0,-0.45532348
2017-08,C_ID_32159fbb84,5,2,1,-1.50865563
2017-12,C_ID_ea82f40f8a,3,3,1,-0.71355136
2016-11,C_ID_579b2c9eb6,5,1,1,0.94802712
2017-08,C_ID_cf0d215d86,3,3,1,-1.75162977
2017-11,C_ID_d21e349660,3,2,1,0.42762748
2016-10,C_ID_4e123b6f7e,3,3,1,0.52995638
2016-10,C_ID_c896ec1778,3,2,1,2.72845494
2017-08,C_ID_d08c97a2f2,3,2,1,0.54355308
2017-01,C_ID_cda78f369d,3,1,1,0.10670113
2017-04,C_ID_0903c80e1f,4,1,0,-1.55033196
2017-05,C_ID_b4ebb72455,5,2,1,-4.85986028
2016-10,C_ID_9c2095e93a,3,1,1,-1.33552429
2017-11,C_ID_5d4b637bea,2,1,0,0.17155289
2017-03,C_ID_b47b172a7a,2,1,0,-0.08489971
2017-09,C_ID_24928b8f8c,5,1,1,-0.8299852
2016-08,C_ID_979e1fb9b7,2,2,0,0.82568011
2017-02,C_ID_00e7a0c239,5,1,1,0.59213411
2016-09,C_ID_c319c6a83c,3,1,1,-0.17297087
2016-10,C_ID_fa021259fb,2,1,0,-1.96197112
2017-10,C_ID_c2ed8f35a5,3,1,1,0.36436443
2017-01,C_ID_f63f5a6a60,1,3,0,-0.01187077
2016-11,C_ID_d919046527,4,2,0,-1.92488111
2017-12,C_ID_f162e1873d,3,1,1,2.00722563
2016-08,C_ID_698346e0eb,3,3,1,-1.2257786
2016-06,C_ID_d3b1f71f95,4,2,0,0.17543332
2017-11,C_ID_ebdd4916a5,5,2,1,-0.25589212
2016-12,C_ID_8019b0b3cc,2,2,0,1.68224857
2016-02,C_ID_eb5ac48cf7,2,2,0,0.53954403
2017-07,C_ID_bde5650cc5,3,2,1,1.74691479
2017-05,C_ID_d04e44436d,4,3,0,1.60440612
2016-10,C_ID_df7056c42e,3,3,1,0.08286698
2017-03,C_ID_e1a7a2c0ad,3,2,1,-0.21952806
2017-01,C_ID_e1844c986c,3,3,1,-33.21928095
2017-09,C_ID_ec9a58f2cf,3,3,1,0.52805814
2017-08,C_ID_8e7927af4b,3,1,1,-1.28074358
2017-01,C_ID_f9ea1c5e6d,3,3,1,0.05590961
2016-10,C_ID_0702435438,3,2,1,-2.1868595
2017-05,C_ID_cc9840274c,4,3,0,0.48860832
2017-07,C_ID_4ac64a7cbb,4,3,0,-0.52572251
2015-06,C_ID_2fa52141dc,3,3,1,7.07707863
2016-08,C_ID_bbdc62228e,5,1,1,0.22888658
2016-08,C_ID_485418d66a,1,3,0,0.14477435
2016-12,C_ID_7b9a0b4eb4,2,2,0,-3.98523277
2017-09,C_ID_0d4120a91a,5,1,1,-0.60247907
2014-05,C_ID_70be0f0908,3,3,1,1.79256092
2016-10,C_ID_9462c63a04,5,2,1,0.35535435
2017-04,C_ID_6299ead83e,2,1,0,-1.87520946
2014-12,C_ID_34f2c2de35,3,3,1,-1.06011194
2017-11,C_ID_ffa4fcb7e9,2,2,0,0.89877205
2017-04,C_ID_6b9706d4f4,3,2,1,-0.26930373
2017-02,C_ID_a653b15d7d,3,1,1,1.73068627
2017-06,C_ID_05b8caf64e,3,2,1,-1.90660373
2017-01,C_ID_21fb634e23,5,2,1,0.78741034
2017-12,C_ID_81a5bb6837,3,2,1,0.74533424
2017-08,C_ID_448df20478,5,2,1,-0.62187478
2016-12,C_ID_535a6fa64c,4,1,0,0.20102622
2017-07,C_ID_e6b9752398,2,3,0,0.37820467
2017-08,C_ID_f3552cca35,1,1,0,0.05900012
2017-02,C_ID_89ca24d676,3,3,1,2.07705919
2017-03,C_ID_93fc2c068c,5,1,1,0.17443615
2017-02,C_ID_112725f927,2,1,0,-1.18022158
2017-02,C_ID_e776940fa7,5,2,1,2.51447765
2017-04,C_ID_b5817e9c24,2,2,0,-0.84728812
2017-09,C_ID_f51dfbb560,4,1,0,-4.47084941
2017-05,C_ID_d11f7c6010,5,1,1,-3.64260025
2017-11,C_ID_240fef7df7,4,3,0,-0.34964407
2017-04,C_ID_95ea43486e,2,1,0,-0.09104386
2017-09,C_ID_e1e8cd9966,3,1,1,2.0380056
2016-07,C_ID_be50ae974a,2,2,0,0.03984026
2017-11,C_ID_e7789facad,3,1,1,-0.64586419
2016-10,C_ID_a8dad8a75b,4,2,0,1.05518987
2017-05,C_ID_df77fc0c65,4,1,0,-1.66966952
2016-10,C_ID_13a1bef562,2,1,0,1.22366336
2016-09,C_ID_ad69417085,5,2,1,-3.03148483
2017-08,C_ID_360631f6b9,1,1,0,-0.13399988
2017-05,C_ID_819a983028,3,3,1,-0.7294793
2017-10,C_ID_6472351401,3,2,1,-0.7604413
2017-10,C_ID_6327f0084d,1,2,0,0.67338569
2016-08,C_ID_c3ba65ef5e,3,2,1,-0.25660513
2014-05,C_ID_b570374900,3,3,1,0.97405251
2017-01,C_ID_c4cdf574a3,2,3,0,2.42844379
2016-02,C_ID_237b80978f,3,3,1,-33.21928095
2015-05,C_ID_31b599e307,2,1,0,0.24677229
2017-06,C_ID_9d44fd2273,2,1,0,0.98057827
2017-07,C_ID_ec41d77c6d,2,1,0,0.24503779
2017-01,C_ID_a1ea39d54a,5,1,1,-0.44857343
2016-12,C_ID_e67a8b7b52,1,2,0,-0.16793973
2017-10,C_ID_565ed5a50f,2,3,0,-0.64066292
2016-04,C_ID_e6581e7971,4,2,0,1.51185706
2015-11,C_ID_fba4a71df1,4,2,0,0.13543663
2017-02,C_ID_24ea87c230,2,1,0,-1.0679392
2017-10,C_ID_147450c910,4,3,0,2.34680317
2017-01,C_ID_392ecb2bf0,2,1,0,0.90865919
2017-09,C_ID_3842b75933,4,3,0,0.57975519
2017-12,C_ID_cc3be86a89,3,2,1,0.25779827
2017-01,C_ID_4a19d1aea0,5,2,1,-1.39803107
2017-01,C_ID_2b79bfe50e,3,1,1,-0.50515457
2017-12,C_ID_4d4b5541fe,2,1,0,0.78962239
2017-04,C_ID_dbb37b907e,3,2,1,0.68092759
2017-09,C_ID_75d49fd2df,2,2,0,1.25463824
2016-09,C_ID_7cadce7eea,1,3,0,-1.87406321
2017-05,C_ID_177b07c0ad,3,2,1,-4.49055503
2017-04,C_ID_d73e126bf1,4,2,0,-1.11075558
2017-02,C_ID_badf222a78,2,3,0,-1.50754843
2017-03,C_ID_bf9b9e5589,2,1,0,0
2016-05,C_ID_ed39f76223,2,2,0,0.74400464
2016-12,C_ID_53248bdd4b,5,1,1,0.28981217
2017-01,C_ID_327975c57d,5,1,1,-0.62994456
2016-01,C_ID_ecc2e12e65,4,2,0,0.81293326
2017-12,C_ID_4772ecd73f,2,1,0,-1.87457239
2016-03,C_ID_7e54bd9e1e,3,3,1,0.51259009
2016-07,C_ID_f96d46ff64,3,3,1,-33.21928095
2017-11,C_ID_179342a3dc,2,3,0,0.90098382
2016-12,C_ID_fdcdcd97f6,2,2,0,1.29904777
2017-08,C_ID_d87ab83610,2,2,0,1.18473837
2017-05,C_ID_c171b8b991,2,2,0,-0.181467
2017-08,C_ID_0e92c5f924,1,2,0,-0.67925959
2016-05,C_ID_05c6f88f72,5,1,1,-0.48174504
2016-04,C_ID_7472e0906b,2,2,0,0.79806217
2016-09,C_ID_951b1664e8,1,1,0,1.29848832
2015-07,C_ID_ee04cc74fd,5,1,1,-2.89408408
2015-08,C_ID_59997871b8,5,1,1,0.10348569
2017-01,C_ID_94b30329fe,3,1,1,-0.93933671
2017-09,C_ID_458e38449c,4,3,0,0.71608784
2017-08,C_ID_e08a0d24b4,2,1,0,-1.29370178
2017-03,C_ID_ffe85078c8,5,1,1,-0.08212323
2017-01,C_ID_51dd56c5e2,3,3,1,-1.20931695
2016-01,C_ID_3d377a675e,2,2,0,-0.20686757
2017-07,C_ID_9275642211,1,1,0,-1.35644225
2017-03,C_ID_10e7428cd5,2,2,0,0.20171792
2017-03,C_ID_07b2a55d85,1,2,0,-2.35232984
2016-09,C_ID_40013525e5,5,2,1,0.07625019
2016-08,C_ID_fe7a04c57b,3,3,1,-3.29487031
2017-02,C_ID_783c0125f9,5,1,1,-1.20842873
2016-07,C_ID_408d91b74f,2,2,0,0.44162669
2017-11,C_ID_163ab1d052,3,2,1,0.25603122
2017-09,C_ID_573e22ea06,2,3,0,1.68473418
2017-10,C_ID_83f550318b,2,1,0,-0.08599141
2017-10,C_ID_0d9cada395,3,2,1,0.41645723
2016-12,C_ID_5b55f6221d,3,2,1,0.14862962
2017-03,C_ID_9b0f2762a6,3,2,1,-3.15487736
2016-12,C_ID_d1a522e71b,1,1,0,3.70701778
2017-10,C_ID_24a6c2932e,3,2,1,0.66761985
2017-02,C_ID_26e8d8ba7d,2,2,0,-1.66377932
2017-12,C_ID_abea6ad5b5,5,2,1,-0.0199247
2016-09,C_ID_3e52e9e961,3,2,1,0.15620628
2017-02,C_ID_c7df808ac4,2,1,0,0.64651348
2016-11,C_ID_9d5cf8d77f,5,1,1,0.13212036
2016-12,C_ID_b1092d70e9,5,1,1,0.1658426
2017-01,C_ID_73ab979716,5,2,1,1.51501011
2017-04,C_ID_f1960f7a86,4,1,0,1.12401287
2017-02,C_ID_a30b04ae4c,2,1,0,0.09143956
2017-02,C_ID_bf1f1e822d,3,3,1,0.40505291
2017-11,C_ID_ff3f7a2896,3,2,1,0.24512435
2017-04,C_ID_c0f44242db,3,2,1,-0.2091414
2017-09,C_ID_9591685b0e,2,3,0,-0.00915214
2017-11,C_ID_06340c2bd0,2,1,0,0.34908178
2017-10,C_ID_dd6c7bc8fb,2,3,0,-0.25495002
2017-01,C_ID_c6bede4086,5,2,1,-0.02759156
2016-05,C_ID_2170b64e06,5,1,1,0.34939724
2017-12,C_ID_c44848d105,3,1,1,1.38305653
2015-10,C_ID_f69dea464f,5,1,1,0.45936344
2017-01,C_ID_94f753848b,3,2,1,2.0826363
2015-09,C_ID_c542792003,3,3,1,-0.39625364
2016-06,C_ID_8b7b62012f,2,2,0,-0.6606918
2017-11,C_ID_1d7613177b,2,2,0,-3.86180927
2017-04,C_ID_834a0cd9fe,5,2,1,-0.89521642
2017-11,C_ID_cfb2427208,3,1,1,-0.36539256
2017-12,C_ID_dbd93f8d06,2,2,0,-0.2272738
2017-01,C_ID_57914e262a,3,3,1,-0.02252995
2016-10,C_ID_43cb1e790e,4,2,0,-3.88781195
2017-05,C_ID_aaeb78f29b,2,1,0,-1.54215476
2017-12,C_ID_30bb4cf515,5,1,1,0.08256706
2016-12,C_ID_9ae06060f9,2,2,0,-0.68632067
2016-06,C_ID_12617fa2c3,2,2,0,-0.69996644
2015-08,C_ID_76e4bf4bb7,1,2,0,1
2017-08,C_ID_96665fb6b0,2,3,0,2.58802397
2017-11,C_ID_42623693eb,5,1,1,-0.57210289
2017-02,C_ID_53601def37,3,2,1,0.89634274
2017-07,C_ID_5fb58c8428,3,1,1,0.45621091
2015-03,C_ID_49f0655e15,2,2,0,0
2017-03,C_ID_e88589f8a3,2,2,0,1
2017-12,C_ID_50f85c4fc7,2,1,0,1.3360199
2016-09,C_ID_356eabf0ee,5,1,1,-1.13769276
2015-10,C_ID_eadb12336f,2,2,0,-0.82274032
2017-04,C_ID_b3cdd123bb,3,1,1,1.37308574
2017-03,C_ID_64da0a008f,3,3,1,-0.79395406
2017-10,C_ID_ead686c5c4,5,2,1,-1.20218682
2017-12,C_ID_1785e98405,2,2,0,2.5827479
2017-01,C_ID_56aee9a74a,3,2,1,-8.22881869
2015-11,C_ID_2f2c1aa13a,3,3,1,-2.74829662
2017-08,C_ID_dbc8c12a86,5,2,1,-1.13980495
2017-08,C_ID_d847a0ec09,4,1,0,1.33699802
2013-12,C_ID_005799985c,3,3,1,-33.21928095
2017-11,C_ID_a878598df8,3,1,1,0.51886467
2017-08,C_ID_2c8c6d1547,2,2,0,-2.56724551
2017-06,C_ID_962d44f420,3,1,1,-33.21928095
2017-10,C_ID_f0c9288c95,3,1,1,1.36761417
2017-03,C_ID_73c471f1f5,3,2,1,0.84734425
2017-09,C_ID_cb4597170b,3,1,1,-0.59178253
2017-08,C_ID_a0e01e7cae,3,2,1,4.2401261
2017-11,C_ID_76cd435b8c,2,1,0,-0.23160604
2017-06,C_ID_10b36e0e24,3,2,1,-5.25098847
2016-11,C_ID_e30955398f,3,3,1,-0.05943423
2017-07,C_ID_c79a30b4b8,5,1,1,-0.82517264
2017-03,C_ID_0c0a4222ce,3,2,1,0.85366409
2017-02,C_ID_96724310bc,3,2,1,-2.2967892
2017-08,C_ID_6120879034,3,1,1,-2.32431762
2017-08,C_ID_15706d9697,2,2,0,-1.25345169
2015-09,C_ID_ac0dee2fb5,4,2,0,0
2015-12,C_ID_3c70acfbd5,2,2,0,-1.55733241
2017-09,C_ID_d8d468aa00,5,2,1,-0.94302981
2017-04,C_ID_f35b64a374,2,1,0,-0.72319024
2017-10,C_ID_0a0cd92470,2,3,0,0.12574985
2017-01,C_ID_696de77273,3,1,1,-1.49580802
2017-08,C_ID_cd14e3a35a,3,1,1,-1.24502455
2016-07,C_ID_4cfc17c2fb,2,2,0,2.37758049
2017-08,C_ID_652329566c,2,2,0,1.9014455
2017-10,C_ID_4d0a9b9fdb,5,2,1,0.29399881
2016-07,C_ID_5ddec63a42,2,2,0,-1.80453687
2017-03,C_ID_dab4dc1af2,3,1,1,0.38318685
2017-10,C_ID_a9549f9f40,2,3,0,-0.5951052
2017-09,C_ID_d9946ccb34,5,1,1,-0.39972178
2016-11,C_ID_cc40afe35e,5,1,1,1.48280034
2017-02,C_ID_fdccd0f0ac,3,2,1,0.16143672
2017-09,C_ID_6031a6dd37,5,1,1,1.15362977
2017-04,C_ID_6a2826e5b0,3,2,1,-1.78574005
2017-12,C_ID_1a523462cc,3,1,1,-0.28312496
2017-01,C_ID_12bc7a41f0,3,2,1,-2.24696189
2017-07,C_ID_94ecc398ad,3,3,1,3.58926493
2017-01,C_ID_d1d7235042,3,1,1,-0.84838996
2017-01,C_ID_2d4dfa89cc,4,3,0,0.84351838
2017-03,C_ID_d05a57e091,2,2,0,-0.17608021
2016-02,C_ID_9aae8c1cdb,2,2,0,0.04094886
2017-02,C_ID_ef300d5a6e,2,1,0,0.75204672
2017-10,C_ID_57ba43b047,5,1,1,2.08540134
2017-06,C_ID_8e4d77429c,5,2,1,0.70789352
2016-10,C_ID_a7960de519,2,2,0,0.19781453
2017-05,C_ID_06ba2a355d,4,3,0,-1.09180492
2017-09,C_ID_fd522ceb32,2,3,0,0.77070227
2015-03,C_ID_d58a000add,3,3,1,-1.67807191
2017-09,C_ID_a0f0a22104,2,2,0,1.13552793
2017-10,C_ID_9616edb924,3,2,1,-0.83669294
2016-10,C_ID_74ad414a55,5,2,1,-2.49398155
2017-11,C_ID_cf545300fe,2,1,0,0.05692772
2017-07,C_ID_79549c6589,4,3,0,0.53524653
2017-12,C_ID_c435239064,4,2,0,-1.76990146
2016-12,C_ID_d43240543a,4,3,0,0.43117807
2017-06,C_ID_1fcd0085fe,2,2,0,2.32906428
2017-08,C_ID_a81bec50f0,2,3,0,-0.28348568
2017-03,C_ID_0b29271114,3,1,1,-4.02904598
2017-01,C_ID_197a8ae942,3,2,1,0.70642789
2017-07,C_ID_9508fea178,3,2,1,0.4944455
2015-08,C_ID_892f9c0549,3,3,1,0.02290478
2016-07,C_ID_fd95cbc728,2,2,0,-0.95129723
2016-10,C_ID_d247041477,2,2,0,-1.11040913
2017-02,C_ID_7721e439d4,3,1,1,0.4150375
2016-05,C_ID_7d383da187,5,1,1,0.98206485
2017-10,C_ID_20e28f551b,5,1,1,1.54485009
2014-11,C_ID_6c17245663,3,3,1,-3.54576839
2016-09,C_ID_ff1ffd5b0a,4,2,0,1.21627089
2015-11,C_ID_803753849c,2,2,0,2.39372104
2017-10,C_ID_26572ce5c9,1,1,0,3.63285002
2017-11,C_ID_a55c7f2d4b,3,1,1,0.37010733
2017-07,C_ID_297d8cd74e,3,2,1,1.26197722
2016-12,C_ID_43e6b37e07,5,1,1,-2.46048342
2017-08,C_ID_6880b670fc,3,2,1,-0.40867425
2017-04,C_ID_9bbb4cea5c,2,1,0,-0.54807957
2017-09,C_ID_3aec045f07,2,1,0,-0.73549332
2017-04,C_ID_929b041319,1,3,0,-1.1630739
2017-04,C_ID_2157175a3a,3,2,1,2.30099111
